{"cameraMode":{"drawMode":0,"name":"Shaded","section":"Shading Mode"},"sceneLighting":true,"audioPlay":false,"sceneViewState":{"showFog":true,"showMaterialUpdate":false,"showSkybox":true,"showFlares":true,"showImageEffects":true,"showParticleSystems":true},"in2DMode":false,"pivot":{"x":5.373350620269775,"y":5.745676517486572,"z":-7.0013556480407719},"rotation":{"x":-0.11421909183263779,"y":0.36819371581077578,"z":-0.045633185654878619,"w":-0.921577513217926},"size":8.2842435836792,"orthographic":false}